{"cameraMode":{"drawMode":0,"name":"Shaded","section":"Shading Mode"},"sceneLighting":false,"audioPlay":false,"sceneViewState":{"showFog":true,"showMaterialUpdate":false,"showSkybox":false,"showFlares":true,"showImageEffects":true,"showParticleSystems":true},"in2DMode":false,"pivot":{"x":-3.1384496688842775,"y":-0.4797205328941345,"z":11.470233917236329},"rotation":{"x":-0.010410544462502003,"y":0.2690431773662567,"z":-0.002910647075623274,"w":-0.9630793929100037},"size":0.9497424960136414,"orthographic":false}