{"cameraMode":{"drawMode":0,"name":"Shaded","section":"Shading Mode"},"sceneLighting":true,"audioPlay":false,"sceneViewState":{"showFog":true,"showMaterialUpdate":false,"showSkybox":false,"showFlares":true,"showImageEffects":true,"showParticleSystems":true},"in2DMode":false,"pivot":{"x":659.0,"y":263.7789306640625,"z":1.0226445198059083},"rotation":{"x":0.0026882642414420845,"y":0.03840344399213791,"z":0.00010110573202837259,"w":-0.9992696642875671},"size":715.7620849609375,"orthographic":false}