{"cameraMode":{"drawMode":0,"name":"Shaded","section":"Shading Mode"},"sceneLighting":false,"audioPlay":false,"sceneViewState":{"showFog":true,"showMaterialUpdate":false,"showSkybox":false,"showFlares":true,"showImageEffects":true,"showParticleSystems":true},"in2DMode":false,"pivot":{"x":132.7245635986328,"y":7.471881866455078,"z":137.36566162109376},"rotation":{"x":-0.10364215821027756,"y":0.8899365067481995,"z":-0.25235316157341006,"w":-0.36549970507621767},"size":45.253562927246097,"orthographic":false}