{"cameraMode":{"drawMode":0,"name":"Shaded","section":"Shading Mode"},"sceneLighting":false,"audioPlay":false,"sceneViewState":{"showFog":true,"showMaterialUpdate":false,"showSkybox":false,"showFlares":true,"showImageEffects":true,"showParticleSystems":true},"in2DMode":false,"pivot":{"x":41.19624328613281,"y":23.98200035095215,"z":109.16159057617188},"rotation":{"x":-0.10387182980775833,"y":0.7955343127250671,"z":-0.14255286753177644,"w":-0.579669177532196},"size":4.432579040527344,"orthographic":false}